supplier_id,supplier_name,contact_name,phone,city,state
1,Global Suppliers Inc. #2,Robert,(328) 242-2679,Chicago,IL
2,Global Suppliers Inc. #2,Michael,(338) 617-1434,San Antonio,TX
3,Tech Distributors LLC #29,Christopher,(928) 990-1106,Columbus,OH
4,Tech Distributors LLC #14,James,(194) 489-2584,Jacksonville,FL
5,Global Suppliers Inc. #47,Charles,(227) 487-2291,San Jose,CA
6,Home Essentials Ltd. #13,Michael,(777) 333-5741,San Diego,CA
7,Fresh Foods Co. #30,Mary,(479) 463-4432,Chicago,IL
8,Home Essentials Ltd. #47,Lisa,(573) 488-5422,San Diego,CA
9,Global Suppliers Inc. #15,Jane,(510) 374-2084,Denver,CO
10,Apparel Wholesalers #26,Charles,(371) 242-5040,Seattle,WA
11,Home Essentials Ltd. #26,Mary,(241) 621-9085,Los Angeles,CA
12,Tech Distributors LLC #44,Patricia,(165) 494-7252,Charlotte,NC
13,Home Essentials Ltd. #1,Emily,(868) 373-6573,San Jose,CA
14,Apparel Wholesalers #1,Robert,(880) 282-9317,San Jose,CA
15,Tech Distributors LLC #24,Sarah,(897) 643-1009,Austin,TX
16,Global Suppliers Inc. #24,Anna,(159) 346-2290,San Francisco,CA
17,Tech Distributors LLC #43,Jennifer,(269) 371-9645,San Antonio,TX
18,Fresh Foods Co. #26,Mary,(629) 562-2982,San Diego,CA
19,Global Suppliers Inc. #38,Linda,(702) 325-1117,Los Angeles,CA
20,Global Suppliers Inc. #22,Michael,(343) 385-8953,Seattle,WA
21,Tech Distributors LLC #31,Patricia,(196) 199-8062,Columbus,OH
22,Global Suppliers Inc. #44,Emily,(512) 845-6559,San Diego,CA
23,Home Essentials Ltd. #29,David,(287) 385-8579,Chicago,IL
24,Global Suppliers Inc. #42,Linda,(195) 871-4872,Columbus,OH
25,Tech Distributors LLC #26,Jane,(488) 102-7396,Charlotte,NC
26,Home Essentials Ltd. #43,Jennifer,(294) 403-4566,Denver,CO
27,Fresh Foods Co. #4,Jane,(588) 614-9701,Los Angeles,CA
28,Tech Distributors LLC #5,Elizabeth,(791) 982-4853,Houston,TX
29,Home Essentials Ltd. #39,Jane,(183) 529-9565,Dallas,TX
30,Tech Distributors LLC #17,William,(787) 760-5915,Austin,TX
31,Apparel Wholesalers #40,Christopher,(175) 650-4492,Dallas,TX
32,Global Suppliers Inc. #16,Mary,(261) 548-9900,Washington,DC
33,Home Essentials Ltd. #20,Emily,(370) 218-2753,Phoenix,AZ
34,Home Essentials Ltd. #14,James,(803) 749-5325,San Francisco,CA
35,Global Suppliers Inc. #41,Patricia,(145) 103-6464,Dallas,TX
36,Home Essentials Ltd. #46,Patricia,(109) 214-2232,Seattle,WA
37,Home Essentials Ltd. #36,David,(230) 142-6050,Los Angeles,CA
38,Tech Distributors LLC #43,Emily,(898) 673-7658,San Diego,CA
39,Apparel Wholesalers #2,Sarah,(901) 521-5065,Philadelphia,PA
40,Global Suppliers Inc. #31,Lisa,(936) 571-6728,San Diego,CA
41,Tech Distributors LLC #26,James,(985) 171-5573,Indianapolis,IN
42,Global Suppliers Inc. #8,Robert,(694) 371-1626,Washington,DC
43,Fresh Foods Co. #28,Elizabeth,(218) 494-4114,Los Angeles,CA
44,Home Essentials Ltd. #35,Chris,(541) 171-6409,Houston,TX
45,Apparel Wholesalers #21,William,(667) 230-4143,Fort Worth,TX
46,Home Essentials Ltd. #37,Anna,(661) 953-1006,San Jose,CA
47,Home Essentials Ltd. #39,James,(552) 552-4501,San Francisco,CA
48,Fresh Foods Co. #33,Elizabeth,(195) 938-4848,San Diego,CA
49,Global Suppliers Inc. #3,Lisa,(725) 970-2193,Columbus,OH
50,Apparel Wholesalers #32,William,(251) 771-1090,Columbus,OH
51,Home Essentials Ltd. #30,Jane,(355) 968-2988,Phoenix,AZ
52,Apparel Wholesalers #40,Thomas,(950) 661-8305,San Francisco,CA
53,Tech Distributors LLC #41,Robert,(596) 741-4919,Charlotte,NC
54,Tech Distributors LLC #18,James,(653) 182-3267,San Diego,CA
55,Tech Distributors LLC #5,Patricia,(438) 655-8633,Los Angeles,CA
56,Apparel Wholesalers #50,Christopher,(977) 883-7232,New York,NY
57,Apparel Wholesalers #27,Linda,(919) 717-4613,San Diego,CA
58,Apparel Wholesalers #2,William,(784) 795-7624,Charlotte,NC
59,Apparel Wholesalers #38,Christopher,(185) 758-8022,Charlotte,NC
60,Fresh Foods Co. #25,James,(565) 434-6529,Dallas,TX
61,Global Suppliers Inc. #31,John,(153) 458-4673,Los Angeles,CA
62,Tech Distributors LLC #2,Elizabeth,(344) 229-8758,Denver,CO
63,Fresh Foods Co. #50,Mary,(720) 721-2876,San Jose,CA
64,Fresh Foods Co. #37,William,(832) 303-2245,San Diego,CA
65,Home Essentials Ltd. #8,Christopher,(455) 645-8018,Chicago,IL
66,Global Suppliers Inc. #27,Jennifer,(543) 470-8532,Columbus,OH
67,Home Essentials Ltd. #35,Jennifer,(546) 945-5397,San Diego,CA
68,Apparel Wholesalers #16,Charles,(724) 784-7209,New York,NY
69,Tech Distributors LLC #32,Chris,(916) 364-6576,Washington,DC
70,Home Essentials Ltd. #13,Michael,(837) 516-9004,San Diego,CA
71,Apparel Wholesalers #2,Michael,(326) 514-4986,Denver,CO
72,Home Essentials Ltd. #34,Mary,(863) 663-6419,Charlotte,NC
73,Fresh Foods Co. #15,Emily,(423) 222-9779,San Antonio,TX
74,Fresh Foods Co. #47,Christopher,(711) 389-2647,San Jose,CA
75,Tech Distributors LLC #20,John,(229) 380-1745,Seattle,WA
76,Apparel Wholesalers #7,John,(391) 580-8843,Austin,TX
77,Fresh Foods Co. #31,Emily,(510) 603-2213,Los Angeles,CA
78,Home Essentials Ltd. #20,Michael,(221) 671-7818,Washington,DC
79,Apparel Wholesalers #29,Anna,(539) 412-1986,San Antonio,TX
80,Fresh Foods Co. #43,Michael,(345) 277-2229,New York,NY
81,Home Essentials Ltd. #31,Anna,(337) 395-5632,Chicago,IL
82,Home Essentials Ltd. #43,Chris,(217) 657-4683,Dallas,TX
83,Global Suppliers Inc. #11,Anna,(866) 944-5728,Houston,TX
84,Apparel Wholesalers #18,Thomas,(605) 548-2317,Los Angeles,CA
85,Home Essentials Ltd. #17,John,(334) 790-1339,Denver,CO
86,Apparel Wholesalers #34,Charles,(285) 699-8141,Chicago,IL
87,Apparel Wholesalers #22,James,(978) 264-6403,San Francisco,CA
88,Home Essentials Ltd. #3,Charles,(422) 358-6296,Fort Worth,TX
89,Home Essentials Ltd. #30,Patricia,(292) 630-6927,Charlotte,NC
90,Fresh Foods Co. #36,David,(548) 815-8941,New York,NY
91,Tech Distributors LLC #20,Linda,(665) 517-2527,Houston,TX
92,Tech Distributors LLC #32,Anna,(822) 379-7807,San Francisco,CA
93,Home Essentials Ltd. #10,William,(713) 620-3236,Dallas,TX
94,Home Essentials Ltd. #18,John,(843) 405-9022,Charlotte,NC
95,Fresh Foods Co. #22,Linda,(486) 566-6272,San Diego,CA
96,Tech Distributors LLC #50,Patricia,(425) 862-8749,Fort Worth,TX
97,Apparel Wholesalers #3,David,(704) 439-2644,Houston,TX
98,Global Suppliers Inc. #47,David,(991) 770-3529,San Francisco,CA
99,Home Essentials Ltd. #45,William,(972) 436-9742,Austin,TX
100,Home Essentials Ltd. #3,Elizabeth,(340) 746-5708,Chicago,IL
101,Global Suppliers Inc. #29,Sarah,(129) 147-6314,San Jose,CA
102,Apparel Wholesalers #10,Lisa,(521) 679-3950,Philadelphia,PA
103,Home Essentials Ltd. #44,Lisa,(697) 246-4804,Dallas,TX
104,Global Suppliers Inc. #30,Anna,(261) 175-8237,Denver,CO
105,Fresh Foods Co. #30,Anna,(493) 973-8916,San Diego,CA
106,Home Essentials Ltd. #19,Anna,(949) 774-7484,New York,NY
107,Home Essentials Ltd. #48,Jennifer,(894) 918-4770,San Diego,CA
108,Home Essentials Ltd. #17,David,(742) 761-1645,Charlotte,NC
109,Tech Distributors LLC #6,Anna,(865) 525-3877,Phoenix,AZ
110,Home Essentials Ltd. #33,Robert,(363) 944-8894,Austin,TX
111,Global Suppliers Inc. #10,Lisa,(966) 923-6992,Fort Worth,TX
112,Home Essentials Ltd. #8,Charles,(788) 866-5295,Fort Worth,TX
113,Global Suppliers Inc. #44,Lisa,(125) 734-6374,Chicago,IL
114,Fresh Foods Co. #42,Patricia,(243) 146-1609,San Francisco,CA
115,Tech Distributors LLC #35,David,(564) 479-9850,Denver,CO
116,Global Suppliers Inc. #32,Elizabeth,(386) 133-7070,Charlotte,NC
117,Fresh Foods Co. #7,Mary,(760) 467-1992,Dallas,TX
118,Apparel Wholesalers #6,Chris,(121) 151-6464,Phoenix,AZ
119,Global Suppliers Inc. #49,Linda,(700) 321-4817,Phoenix,AZ
120,Fresh Foods Co. #10,David,(356) 917-3858,New York,NY
121,Fresh Foods Co. #16,Christopher,(116) 278-5347,Phoenix,AZ
122,Global Suppliers Inc. #31,Charles,(625) 707-2786,Indianapolis,IN
123,Home Essentials Ltd. #20,Charles,(162) 590-7580,Houston,TX
124,Global Suppliers Inc. #6,James,(251) 167-3067,Washington,DC
125,Apparel Wholesalers #39,Thomas,(564) 617-8048,Houston,TX
126,Apparel Wholesalers #29,Lisa,(447) 947-8430,Columbus,OH
127,Apparel Wholesalers #21,Robert,(256) 803-8770,Chicago,IL
128,Apparel Wholesalers #7,Mary,(669) 161-6400,Columbus,OH
129,Global Suppliers Inc. #19,Elizabeth,(460) 206-9313,Phoenix,AZ
130,Tech Distributors LLC #7,Mary,(476) 217-5564,San Diego,CA
131,Home Essentials Ltd. #43,Robert,(284) 379-6062,Jacksonville,FL
132,Tech Distributors LLC #37,William,(245) 858-1502,Indianapolis,IN
133,Apparel Wholesalers #30,James,(478) 419-6314,Washington,DC
134,Tech Distributors LLC #11,Elizabeth,(790) 183-5458,Columbus,OH
135,Apparel Wholesalers #18,Chris,(216) 453-8043,San Jose,CA
136,Home Essentials Ltd. #43,Anna,(325) 504-1897,San Antonio,TX
137,Tech Distributors LLC #49,Robert,(435) 222-1126,Columbus,OH
138,Apparel Wholesalers #35,Lisa,(672) 953-6802,Fort Worth,TX
139,Global Suppliers Inc. #30,Michael,(689) 539-7626,San Jose,CA
140,Global Suppliers Inc. #21,Sarah,(571) 951-6928,Columbus,OH
141,Apparel Wholesalers #38,William,(180) 505-6083,San Diego,CA
142,Global Suppliers Inc. #33,Emily,(622) 298-6724,Phoenix,AZ
143,Tech Distributors LLC #17,Chris,(716) 256-2234,San Francisco,CA
144,Home Essentials Ltd. #42,Elizabeth,(984) 742-6179,Charlotte,NC
145,Apparel Wholesalers #41,Anna,(705) 157-6766,Chicago,IL
146,Apparel Wholesalers #3,Jane,(951) 393-2257,Washington,DC
147,Apparel Wholesalers #38,Linda,(560) 929-4084,Washington,DC
148,Global Suppliers Inc. #29,Emily,(831) 186-9266,Los Angeles,CA
149,Apparel Wholesalers #34,Thomas,(262) 472-7108,Fort Worth,TX
150,Home Essentials Ltd. #4,James,(437) 196-7333,Dallas,TX
151,Fresh Foods Co. #6,Christopher,(458) 417-7421,Washington,DC
152,Home Essentials Ltd. #25,James,(786) 819-9624,Columbus,OH
153,Global Suppliers Inc. #24,Anna,(319) 449-8967,San Diego,CA
154,Global Suppliers Inc. #19,Emily,(889) 652-9626,Austin,TX
155,Home Essentials Ltd. #25,David,(285) 951-3712,Los Angeles,CA
156,Tech Distributors LLC #29,Elizabeth,(870) 866-8355,Seattle,WA
157,Apparel Wholesalers #13,Mary,(551) 572-5616,Indianapolis,IN
158,Tech Distributors LLC #13,Elizabeth,(993) 356-1854,Jacksonville,FL
159,Home Essentials Ltd. #8,Anna,(881) 264-5469,Indianapolis,IN
160,Global Suppliers Inc. #15,Charles,(127) 524-1872,Indianapolis,IN
161,Apparel Wholesalers #6,Mary,(128) 426-2623,Phoenix,AZ
162,Fresh Foods Co. #31,David,(559) 730-1086,New York,NY
163,Tech Distributors LLC #36,Elizabeth,(533) 213-5720,San Jose,CA
164,Tech Distributors LLC #27,Elizabeth,(164) 213-9189,Seattle,WA
165,Tech Distributors LLC #19,Patricia,(729) 461-4941,Columbus,OH
166,Home Essentials Ltd. #24,Michael,(657) 619-9316,New York,NY
167,Global Suppliers Inc. #41,William,(359) 865-1266,Chicago,IL
168,Global Suppliers Inc. #50,Christopher,(236) 145-6772,Austin,TX
169,Apparel Wholesalers #45,Jennifer,(930) 238-2033,Los Angeles,CA
170,Global Suppliers Inc. #13,Jane,(417) 627-7524,San Francisco,CA
171,Tech Distributors LLC #19,Mary,(986) 771-6438,Houston,TX
172,Apparel Wholesalers #48,Charles,(447) 291-9129,Jacksonville,FL
173,Global Suppliers Inc. #47,Patricia,(540) 716-3956,San Jose,CA
174,Global Suppliers Inc. #21,Anna,(556) 717-7981,Charlotte,NC
175,Global Suppliers Inc. #47,Mary,(545) 381-1939,Fort Worth,TX
176,Global Suppliers Inc. #10,Elizabeth,(135) 229-2101,Jacksonville,FL
177,Home Essentials Ltd. #3,Elizabeth,(795) 560-7077,Charlotte,NC
178,Home Essentials Ltd. #24,William,(765) 385-5089,New York,NY
179,Home Essentials Ltd. #25,Linda,(368) 893-5264,San Antonio,TX
180,Apparel Wholesalers #13,Emily,(973) 175-8406,Charlotte,NC
181,Fresh Foods Co. #46,Michael,(655) 397-5914,Philadelphia,PA
182,Global Suppliers Inc. #13,David,(909) 605-1430,Seattle,WA
183,Apparel Wholesalers #36,David,(188) 167-6067,San Francisco,CA
184,Apparel Wholesalers #37,Michael,(424) 757-2215,Charlotte,NC
185,Tech Distributors LLC #50,Linda,(286) 886-3114,Indianapolis,IN
186,Home Essentials Ltd. #10,Anna,(265) 430-4694,Indianapolis,IN
187,Fresh Foods Co. #13,Linda,(228) 740-5961,Chicago,IL
188,Home Essentials Ltd. #38,David,(774) 739-6531,Los Angeles,CA
189,Global Suppliers Inc. #42,Christopher,(766) 315-7825,San Francisco,CA
190,Fresh Foods Co. #31,Lisa,(404) 564-2195,Philadelphia,PA
191,Apparel Wholesalers #30,Chris,(721) 247-6121,Jacksonville,FL
192,Fresh Foods Co. #33,Linda,(426) 347-8642,Dallas,TX
193,Tech Distributors LLC #7,Jane,(493) 984-7850,Philadelphia,PA
194,Tech Distributors LLC #49,Sarah,(627) 578-9171,San Francisco,CA
195,Apparel Wholesalers #33,Charles,(320) 697-6781,Los Angeles,CA
196,Home Essentials Ltd. #42,Jennifer,(649) 108-2761,Phoenix,AZ
197,Apparel Wholesalers #24,Jane,(152) 683-4189,Seattle,WA
198,Apparel Wholesalers #33,Charles,(386) 945-2946,Houston,TX
199,Fresh Foods Co. #36,Mary,(303) 716-9341,Indianapolis,IN
200,Global Suppliers Inc. #9,James,(631) 567-3440,Phoenix,AZ
201,Tech Distributors LLC #26,Elizabeth,(707) 444-9311,Seattle,WA
202,Apparel Wholesalers #2,Mary,(789) 212-7824,San Jose,CA
203,Home Essentials Ltd. #31,Robert,(691) 333-1841,San Francisco,CA
204,Tech Distributors LLC #44,Lisa,(686) 817-2800,New York,NY
205,Apparel Wholesalers #10,Patricia,(520) 613-8726,Phoenix,AZ
206,Home Essentials Ltd. #21,Jennifer,(485) 421-3837,Seattle,WA
207,Fresh Foods Co. #40,Jennifer,(352) 385-5890,San Jose,CA
208,Apparel Wholesalers #21,Jennifer,(673) 914-5480,Houston,TX
209,Apparel Wholesalers #23,David,(143) 394-2294,Charlotte,NC
210,Apparel Wholesalers #14,Chris,(377) 675-5450,Houston,TX
211,Tech Distributors LLC #4,Thomas,(753) 338-1860,Columbus,OH
212,Global Suppliers Inc. #44,David,(663) 261-7666,San Francisco,CA
213,Fresh Foods Co. #21,Anna,(887) 191-4804,Los Angeles,CA
214,Tech Distributors LLC #3,William,(290) 866-5742,New York,NY
215,Fresh Foods Co. #19,Charles,(636) 605-3198,Charlotte,NC
216,Global Suppliers Inc. #22,Sarah,(763) 363-4050,Austin,TX
217,Tech Distributors LLC #40,William,(627) 435-2421,Houston,TX
218,Apparel Wholesalers #21,Lisa,(367) 492-4858,Dallas,TX
219,Home Essentials Ltd. #47,Christopher,(367) 769-6890,Los Angeles,CA
220,Apparel Wholesalers #20,Sarah,(802) 614-6095,San Jose,CA
221,Tech Distributors LLC #9,Jennifer,(565) 865-7121,Seattle,WA
222,Tech Distributors LLC #44,Elizabeth,(638) 557-9653,Chicago,IL
223,Global Suppliers Inc. #36,Thomas,(686) 649-3455,Austin,TX
224,Global Suppliers Inc. #44,Chris,(600) 193-9361,Los Angeles,CA
225,Home Essentials Ltd. #27,Charles,(159) 672-8575,New York,NY
226,Global Suppliers Inc. #48,Chris,(174) 146-7941,Chicago,IL
227,Global Suppliers Inc. #31,Jane,(518) 284-3218,Jacksonville,FL
228,Apparel Wholesalers #25,Michael,(236) 769-6697,Philadelphia,PA
229,Home Essentials Ltd. #9,Lisa,(874) 123-5888,Seattle,WA
230,Tech Distributors LLC #16,Charles,(258) 382-4088,Los Angeles,CA
231,Home Essentials Ltd. #50,John,(311) 168-2653,Los Angeles,CA
232,Tech Distributors LLC #48,Jane,(549) 339-9843,Los Angeles,CA
233,Tech Distributors LLC #47,Christopher,(691) 712-6253,San Jose,CA
234,Apparel Wholesalers #20,Robert,(670) 705-3869,Seattle,WA
235,Fresh Foods Co. #42,William,(426) 813-7821,Phoenix,AZ
236,Tech Distributors LLC #49,Linda,(346) 969-4692,Phoenix,AZ
237,Home Essentials Ltd. #27,Patricia,(642) 237-7363,Dallas,TX
238,Global Suppliers Inc. #29,Mary,(648) 841-4120,Dallas,TX
239,Global Suppliers Inc. #13,Christopher,(322) 590-4422,San Jose,CA
240,Tech Distributors LLC #48,Emily,(348) 812-4350,San Diego,CA
241,Fresh Foods Co. #25,Charles,(764) 467-6053,Jacksonville,FL
242,Apparel Wholesalers #7,Jennifer,(308) 479-6126,Los Angeles,CA
243,Tech Distributors LLC #2,Robert,(698) 693-7841,Phoenix,AZ
244,Tech Distributors LLC #25,Christopher,(611) 663-6530,San Francisco,CA
245,Apparel Wholesalers #11,Mary,(243) 837-9954,Philadelphia,PA
246,Home Essentials Ltd. #3,Michael,(882) 106-7756,San Diego,CA
247,Global Suppliers Inc. #14,Thomas,(482) 161-8916,New York,NY
248,Global Suppliers Inc. #2,Thomas,(648) 393-1280,Columbus,OH
249,Global Suppliers Inc. #34,David,(296) 734-9625,Jacksonville,FL
250,Global Suppliers Inc. #24,William,(678) 349-4700,Chicago,IL
251,Global Suppliers Inc. #26,William,(665) 587-1919,Philadelphia,PA
252,Apparel Wholesalers #42,James,(978) 197-9653,San Diego,CA
253,Fresh Foods Co. #3,Michael,(656) 677-1539,Austin,TX
254,Home Essentials Ltd. #10,William,(406) 266-4939,Fort Worth,TX
255,Apparel Wholesalers #49,David,(612) 863-6666,Houston,TX
256,Global Suppliers Inc. #22,Elizabeth,(709) 506-6347,Dallas,TX
257,Tech Distributors LLC #23,Linda,(542) 290-7227,Washington,DC
258,Global Suppliers Inc. #6,Robert,(489) 828-3527,Austin,TX
259,Global Suppliers Inc. #1,Anna,(468) 879-5419,Phoenix,AZ
260,Apparel Wholesalers #29,Linda,(624) 517-2692,Chicago,IL
261,Home Essentials Ltd. #39,James,(112) 398-7779,Chicago,IL
262,Home Essentials Ltd. #34,Sarah,(273) 242-5405,Dallas,TX
263,Global Suppliers Inc. #11,Patricia,(531) 406-8933,Jacksonville,FL
264,Apparel Wholesalers #39,Elizabeth,(568) 209-3219,New York,NY
265,Home Essentials Ltd. #25,James,(442) 540-3230,Austin,TX
266,Apparel Wholesalers #21,Sarah,(426) 398-9044,San Diego,CA
267,Fresh Foods Co. #26,Mary,(677) 304-9939,Seattle,WA
268,Tech Distributors LLC #29,Anna,(938) 968-7703,Phoenix,AZ
269,Tech Distributors LLC #17,David,(908) 486-2211,Washington,DC
270,Home Essentials Ltd. #33,Patricia,(137) 909-6890,Washington,DC
271,Global Suppliers Inc. #50,Lisa,(270) 762-1725,Fort Worth,TX
272,Global Suppliers Inc. #1,Emily,(327) 622-9499,Denver,CO
273,Apparel Wholesalers #24,William,(890) 795-9199,Jacksonville,FL
274,Global Suppliers Inc. #19,Patricia,(218) 951-3321,San Jose,CA
275,Tech Distributors LLC #34,Jennifer,(587) 199-8178,Austin,TX
276,Global Suppliers Inc. #46,Emily,(969) 451-2791,San Diego,CA
277,Home Essentials Ltd. #11,James,(536) 573-4798,Philadelphia,PA
278,Apparel Wholesalers #2,Elizabeth,(560) 706-8037,New York,NY
279,Fresh Foods Co. #49,Michael,(204) 918-9796,Jacksonville,FL
280,Apparel Wholesalers #8,Robert,(640) 754-6134,Fort Worth,TX
281,Home Essentials Ltd. #8,Mary,(965) 568-3826,Washington,DC
282,Tech Distributors LLC #21,Emily,(412) 219-3999,Phoenix,AZ
283,Apparel Wholesalers #39,David,(492) 533-4043,Seattle,WA
284,Home Essentials Ltd. #11,Jennifer,(243) 291-6154,Washington,DC
285,Global Suppliers Inc. #32,David,(934) 493-9281,Columbus,OH
286,Apparel Wholesalers #46,Charles,(271) 184-1505,San Jose,CA
287,Tech Distributors LLC #35,Anna,(899) 568-9115,Indianapolis,IN
288,Fresh Foods Co. #50,Linda,(655) 942-1681,Seattle,WA
289,Global Suppliers Inc. #48,Lisa,(995) 133-8368,Jacksonville,FL
290,Global Suppliers Inc. #50,Lisa,(930) 855-6744,Philadelphia,PA
291,Tech Distributors LLC #14,Jane,(459) 645-5605,Seattle,WA
292,Fresh Foods Co. #19,Christopher,(978) 626-2560,Columbus,OH
293,Tech Distributors LLC #45,David,(249) 828-6277,Fort Worth,TX
294,Home Essentials Ltd. #41,Robert,(484) 562-2237,Fort Worth,TX
295,Fresh Foods Co. #30,Jennifer,(695) 102-2526,Jacksonville,FL
296,Tech Distributors LLC #28,Chris,(374) 430-5646,Seattle,WA
297,Home Essentials Ltd. #32,James,(147) 201-8529,Houston,TX
298,Apparel Wholesalers #1,Patricia,(805) 235-5945,Dallas,TX
299,Fresh Foods Co. #6,Mary,(153) 505-6005,Columbus,OH
300,Global Suppliers Inc. #1,Chris,(179) 235-4705,Charlotte,NC
